ID,Topic
0,Holidays and special observances
1,Voluntarism
2,"Presidency, U.S"
3,Addresses and Remarks
4,A
5,d
6,r
7,e
8,s
9, 
10,a
11,n
12,R
13,m
14,k
15,Notices
16,Statements by the President
17,Supplementary Materials
18,Arizona
19,Civil rights
20,Connecticut
21,Employment and unemployment
22,Energy
23,Environment
24,Health and medical care
25,"Justice, Department of"
26,Law enforcement and crime
27,Statements Other Than Presidential
28,Appointments and Nominations
29,Deaths
30,New York
31,"Budget, Federal"
32,Congress
33,"Legislation, proposed"
34,Taxation
35,"Armed Forces, U.S"
36,Business and industry
37,Communications
38,"Economy, national"
39,"Education, Department of"
40,Education
41,Elections
42,Iowa
43,Iraq
44,Science and technology
45,Transportation
46,Afghanistan
47,Aviation
48,Central Intelligence Agency
49,"Foreign policy, U.S"
50,Pakistan
51,Terrorism
52,White House Office
53,Yemen
54,Cabinet meetings
55,China
56,"Commerce, international"
57,Cuba
58,Immigration and naturalization
59,Judiciary
60,"Reserve System, Federal"
61,"Treasury, Department of the"
62,I
63,t
64,v
65,i
66,w
67,W
68,h
69,N
70,M
71,Ohio
72,Proclamations
73,"Defense, Department of"
74,"Legislation, enacted"
75,Social Security and retirement
76,Children and youth
77,Labor issues
78,Sudan
79,"Health and Human Services, Department of"
80,New Jersey
81,Executive Orders
82,Bill Signings
83,France
84,North Atlantic Treaty Organization
85,Russia
86,Syria
87,Turkey
88,"Defense, Department"
89,Missouri
90,Diseases
91,HIV/AIDS
92,"State, Department of"
93,United Nations
94,Pennsylvania
95,Africa
96,Developing countries
97,District of Columbia
98,George Washington University
99,Tanzania
100,Arms and munitions
101,Iran
102,North Korea
103,Nuclear weapons and material
104,Romania
105,Alaska
106,Defense and national security
107,Government organization and employees
108,"Health and Human Services, Department"
109,Republican Party
110,Veterans
111,Virginia
112,West Virginia
113,Wisconsin
114,Meetings With Foreign Leaders
115,Hungary
116,Interviews With the News Media
117,"Homeland Security, Department of"
118,"Decorations, medals, and awards"
119,"Energy, Department of"
120,Gulf of Mexico
121,"Science Foundation, National"
122,Consumer Finance  Protection Bureau
123,"Housing and Urban Development, Department of"
124,Housing
125,"African American History Month, National"
126,Social Security Administration
127,Agriculture
128,"NBC, ""Today"" program"
129,Sports
130,"Commerce, Department of"
131,World Trade Organization
132,"Community Service, Corporation for National and"
133,"Promise Alliance, America's"
134,Rhode Island
135,Kansas
136,Egypt
137,"Atomic Energy Agency, International (IAEA)"
138,Nigeria
139,Japan
140,Maryland
141,Middle East
142,"Transportation, Department of"
143,Health Care and Education Reconciliation Act of 2010
144,Maine
145,Small Business Administration
146,"Agriculture, Department of"
147,United Kingdom
148,Independent Community Bankers Association
149,Communications to Federal Agencies
150,Mettings With Foreign Leaders
151,"Lynch, Loretta E"
152,Massachusetts
153,Federal Communications Commission
154,"Housing Finance Agency, Federal"
155,Loyalty Day
156,Environmental Protection Agency
157,Philippines
158,Drug abuse and trafficking
159,Indiana
160,Trans-Pacific Partnership (TPP)
161,"Treasury, Department of"
162,Joint Statements
163,Europe
164,"Netherlands, the"
165,Ukraine
166,"BP Deepwater Horizon Oil Spill and Offshore Drilling, National Commission on the"
167,"Interior, Department of the"
168,Germany
169,Resignations and Retirements
170,Puerto Rico
171,Brazil
172,Natural disasters
173,"Cabinet, meeting with President"
174,"Management and Budget, Office of"
175,African Development Bank
176,Development banks and funds
177,"Development, U.S. Agency for International"
178,"Export-Import Bank, U.S"
179,Millennium Challenge Corporation
180,Overseas Private Investment Corporation (OPIC)
181,"Trade and Development Agency, U.S"
182,"Trade Representative, Office of the U.S., U.S. Trade Representative"
183,"Young African Leaders Initiative, President's"
184,South Dakota
185,"Labor, Department of"
186,Mexico
187,Democratic Party
188,"Medical Association, American"
189,Venezuela
190,Communications to Congress
191,Disabled American Veterans
192,Georgia
193,"Veterans Affairs, Department of"
194,Guatemala
195,Israel
196,Palestinian Authority and Palestinians
197,Sierra Leone
198,World Health Organization
199,Somalia
200,South Korea
201,Disaster assistance
202,Louisiana
203,Texas
204,Letters and Messages
205,"Midway Atoll, U.S"
206,"Papahnaumokukea Marine National Monument, expansion"
207,Jordan
208,Oregon
209,California
210,"Domestic Violence Awareness Month, National"
211,ABC
212,Administrative Conference of the United States
213,Alyce Spotted Bear and Walter Soboleff Commission on Native Children
214,"American Indian and Alaska Native Cultural and Arts Development, Institute of"
215,"American Indian and Alaska Native Culture Arts Development, Institute of"
216,"Archives and Records Administration, National"
217,Arts
218,"Cancer Advisory Board, National"
219,CBS
220,"Congo, U.S. Ambassador-designate"
221,Crooked Media
222,Cultural Property Advisory Committee
223,Cyprus
224,"Education Sciences, National Board for"
225,"Education Services, National Board for"
226,"Fitness, Sports, and Nutrition, President's Council on"
227,Florida
228,"Food and Agricultural Development, Board for International"
229,General Services Administration
230,Ghana
231,Hawaii
232,"Holocaust Memorial Council, U.S"
233,Illinois
234,India
235,"Infrastructure Advisory Council, National"
236,"International Trade Commission, U.S"
237,J. William Fulbright Foreign Scholarship Board
238,"Merchant Marine Academy, U.S"
239,"Merchant Marine Academy, U.S., Board of Visitors"
240,"Military, National, and Public Service, National Commission on"
241,"Mint, U.S"
242,"Museum and Library Services Board, National"
243,National Security Education Board
244,"National Security Telecommunications Advisory Committee, President's"
245,NBC
246,New York Times
247,Nuclear Waste Technical Review Board
248,"Preservation of America's Heritage Abroad, Commission for the"
249,Presidio Trust
250,Roosevelt Campobello International Park Commission
251,Smithsonian Institution
252,"Trade Policy and Negotiations, Advisory Committee for"
253,Western Hemisphere Drug Policy Commission
254,Woodrow Wilson International Center for Scholars
255,C
256,o
257,u
258,c
259,F
260,l
261,g
262,p
263,Government Accountability Office
264,J
265,S
266,B
267,Alabama
268,"Jindal, Piyush ""Bobby"""
269,Mississippi
270,"Congo, Democratic Republic of the"
271,"Security Agency, National"
272,Zanzibar
273,Zimbabwe
274,'
275,T
276,f
277,2
278,0
279,1
280,7
281,"Background Investigations Bureau, National"
282,Social security and retirement
283,Czech Republic
284,North Africa
285,Open Government Partnership
286,Military Family Month
287,Addresses to the Nation
288,National Physical Fitness and Sports Month
289,Proclamation
290,American Indians and Alaska Natives
291,b
292,y
293,P
294,Canada
295,Central America
296,Colombia
297,Honduras
298,President
299,South America
300,Western Hemisphere
301,Saudi Arabia
302,"Alzheimer's Disease Awareness Month, National"
303,Asia
304,Australia
305,Bill Vetoes
306,Military Compensation and Retirement Modernization Commission
307,Asian American and Pacific Islander Heritage Month
308,"Law Day, U.S.A"
309,South Africa
310,Defense of Marriage Act
311,"Lesbian, Gay, Bisexual, and Transgender Pride Month"
312,Child Soldiers Prevention Act of 2008
313,"Diabetes Month, National"
314,Great Outdoors Month
315,"Family Caregivers Month, National"
316,"Adoption Month, National"
317,Notice
318,"Prayer for Peace, Memorial Day"
319,"Economic Council, National"
320,Edward M. Kennedy Serve America Act
321,Teach for America
322,"Hospice Month, National"
323,Michigan
324,Minnesota
325,South Carolina
326,Chile
327,Address to the Nation
328,"Native American Heritage Month, National"
329,"Labor Relations Act, National"
330,Kentucky
331,"Veterans, Department of"
332,"Vietnam war, 50th anniversary"
333,Vietnam
334,African-American Music Appreciation Month
335,Indonesia
336,"Army, Department of the"
337,"Italian American Foundation, National"
338,Italy
339,Slavery (historical) in U.S
340,"Tax cuts, budgetary effects"
341,Jewish American Heritage Month
342,Girl Scouts of America
343,State Department of
344,"Prayer, National Day of"
345,Columbia
346,Korea
347,Panama
348,"Caribbean-American Heritage Month, National"
349,Asia-Pacific Economic Cooperation (APEC)
350,"Asian Nations, Association of Southeast (ASEAN)"
351,Greece
352,Bolivia
353,Ecuador
354,V
355,Veterans Day
356,"Oceans Month, National"
357,Kyrgyzstan
358,Qatar
359,Child tax credit
360,"Economic, national"
361,North Carolina
362,Anti-Defamation League
363,Organizing for Action
364,"Interior, Department of"
365,Oklahoma
366,Jerusalem Embassy Act of 1995
367,"Governors, newly elected, meeting with President"
368,"Rhode Island, Governor-elect"
369,"Arts and Humanities, President's Committee on the"
370,"Decorations, medals and awards"
371,Holy See (Vatican City)
372,"Prayer Breakfast, National"
373,"Tibet, Dalai Lama"
374,Haiti
375,"Chamber of Commerce, U.S"
376,"Faith-Based and Neighborhood Partnerships, President’s Advisory Council for"
377,Cabinet
378,Wounded Warrior Project Soldier Ride
379,"Air Force, Department of the"
380,Utah
381,South Sudan
382,Easter
383,Passover
384,"Peru, Ambassador to U.S"
385,Costa Rica
386,Faith and Freedom Coalition
387,Libya
388,Lebanon
389,"Public Radio, National"
390,"Foreign, policy, U.S"
391,Nevada
392,Independence Day
393,"Navy, Department of the"
394,Assistants to the President
395,"Intelligence, Office of the Director of National"
396,"Veterans Affairs, Department of the"
397,Kenya
398,Access to health and medical care
399,"Civil Aviation Organization, International"
400,Doctors Without Borders/Médecins Sans Frontières (MSF)
401,Federal Reserve System
402,"Arts and Humanities Month, National"
403,Memorial Day
404,"Executive orders, amendments"
405,Space program
406,Exchanges with reporters
407,Global Food Security Act of 2016
408,E
409,x
410,O
411,Announcements
412,Defense Production Act Committee
413,Bermuda
414,Government agencies and employees
415,Directives
416,Health Care and Education Reconciliation  Act of 2010
417,Legislation enacted
418,"Kerry, John F"
419,"Commercial Advocacy, Interagency Task Force on"
420,White House science fair
421,"Integrated Drought Information System, National"
422,L
423,Belgium
424,"Georgia, Republic of"
425,Interviews with the News Media
426,Caribbean Nations
427,"Infrastructure, White House Summit, with Governors and mayors"
428,Infrastructure
429,Singapore
430,Poland
431,"Arts and the Humanities, President's Committee on the"
432,"Arts, National Endowment for the"
433,"Humanities, National Endowment for the"
434,North Dakota
435,New Hampshire
436,Rosh Hashanah
437,Consumer Financial Protection Bureau
438,"Fallen Firefighters Foundation, National"
439,Fire Prevention Week
440,Partnership for Economic Progress
441,Address and Remarks
442,Agencies
443,Nebraska
444,AARP
445,"Jerusalem Embassy Act of 1995, suspension of limitations"
446,Library of Congress
447,"Stevens, George, Jr"
448,"Pearl Harbor Remembrance Day, National"
449,National Science Foundation
450,Spain
451,Uganda
452,"Consumer Protection Week, National"
453,Tunisia
454,Guam
455,Albania
456,Botswana
457,Croatia
458,"Monetary Fund, International"
459,United Service Organizations
460,"Economic Co-operation and Development, Organisation for"
461,North American Leaders' Summit
462,Tennessee
463,Older Americans Month
464,Ethiopia
465,Liberia
466,Senegal
467,"Poland "" President Obama's visit"
468,"Export Council, President's"
469,Export-Import Bank of the U.S
470,"Trade Representative, Office of the U.S"
471,Burma
472,Kuwait
473,"Virgin Islands, U.S"
474,Apple
475,Laos
476,IIinois
477,Maldives
478,Denmark
479,"Foreign policy, U.S. Refugee and Migration Assistance Fund, U.S"
480,"Criminal Court, International"
481,"Influenza Vaccination Week, National"
482,Colorado
483,"Papua New Guinea, Prime Minister"
484,"Small island nation leaders, meeting with President Obama"
485,Westwood One Sports Radio Network
486,Education Standards and school accountability
487,AmeriCorps
488,High school dropout prevention programs
489,Low-income students
490,Save Your Vision Week
491,Ramadan
492,White House Correspondents' Association
493,Arkansas
494,"Charter Schools Week, National"
495,Nepal
496,Central African Republic
497,Mali
498,Taiwan
499,"Worker, Homeownership, and Business Assistance Act of 2009"
500,"Food Safety Working Group, President's"
501,"Health Center Week, National"
502,Education jobs and State funding assistance legislation
503,"Economic Recovery Advisory Board, President's"
504,"Skills for America's Future, Task Force on"
505,Communications to Congres
506,"Rifle Association, National"
507,"Governors, Council of"
508,"Berlin Wall, 25th anniversary of fall"
509,"Cameroon, U.S. military detachment"
510,"Djibouti, security cooperation with U.S"
511,Kosovo
512,"Niger, U.S. military detachment"
513,"Prevention, Health Promotion, and Integrative and Public Health, Advisory Group on"
514,"Executive Order 12898, 20th anniversary"
515,Family Smoking Prevention and Tobacco Control Act of 2009
516,"American Samoa, disaster assistance"
517,Appalachian Regional Commission
518,Apple Inc
519,Argentina
520,"Army, U.S"
521,"Atomic Energy Agency, International"
522,Austria
523,"Barbados, U.S. Ambassador"
524,Boy Scouts of America
525,CNBC
526,Commodity Futures Trading Commission
527,"Counterintelligence and Security Center, National"
528,"Disability, National Council on"
529,Economic Report of the President
530,Estonia
531,"Ethics, Office of Government"
532,Facebook
533,Federal Intelligence Surveillance Act (FISA)
534,"Fiji, U.S. Ambassador"
535,"Peace Corps, U.S"
536,Women and girls
537,"Israel Public Affairs Committee, American"
538,Latin America
539,North American Treaty Organization
540,United nations
541,Social Security reform
542,Arctic National Wildlife Refuge
543,"Faith-Based and Neighborhood Partnerships, President's Advisory Council on"
544,"Securities and Exchange Commission, U.S"
545,"Action Network, National"
546,Cinco de Mayo
547,Thailand
548,Ascension Health
549,"Global Fund to Fight AIDS, Tuberculosis and Malaria"
550,Bosnia and Herzegovina
551,Guinea
552,"Foreign Assistance Act of 1961, delegation of authority"
553,Statement by the President
554,"Transportation, Department of the"
555,Child Health Day
556,"Energy Awareness Month, National"
557,Frank R. Wolf International Religious Freedom Act of 2016
558,Rwanda
559,Cote d'Ivoire
560,Niger
561,Planned Parenthood
562,Hurricane Sandy Rebuilding Task Force
563,Arctic National Wildlife Refuge (ANWR)
564,Armenia
565,"Libya, U.S. national emergency, continuation"
566,"International Development, U.S. Agency for"
567,Intellectual Property Enforcement Advisory Committees
568,"Teach for America, Inc"
569,Russia and Moldova Jackson-Vanik Repeal and Sergei Magnitsky Rule of Law Accountability Act of 2012
570,Balanced Budget and Emergency Deficit Control Act of 1985
571,"American Latino, Commission To Study the Potential Creation of a National Museum of the"
572,Belarus
573,"Refugee and Migration Assistance Fund, U.S. Emergency"
574,"Executive Order 13761, amendment"
575,Department of Commerce
576,Department of the Treasury
577,Malaysia
578,Eid al-Fitr
579,Same-sex marriage
580,Refugees and global migrants
581,Brookings Institution
582,Saban Forum
583,"Economic Advisers, Council of"
584,Major Cities Chiefs Association
585,"Cybersecurity, Commission on Enhancing National"
586,"Israel Political Affairs Committee, American"
587,"Russia-U.S. Summit in Vancouver, Canada"
588,White House Easter Egg Roll
589,"Education and Sharing Day, U.S.A"
590,White House Transition Coordinating Council
591,Defense relationship with U.S
592,Global Health Initiative
593,Foreign Intelligence Surveillance Court
594,"Corporation for Community Service, National"
595,"Corporation for National and Community Service, National"
596,"Domestic Energy Development and Permitting in Alaska, Interagency Working Group on Coordination of"
597,White House Summit on Community Colleges
598,Sri Lanka
599,Death
600,Equal Employment Opportunity Commission
601,Diwali
602,Government organizations and employees
603,Intel Corp
604,"Privacy Council, Federal"
605,"Central African Republic, Political unrest and violence"
606,Catholic church
607,Faith-based and community organizations
608,Institute of Medicine
609,"Women’s Day, International"
610,Caribbean nations
611,"Historically Black Colleges and Universities, White House Initiative on"
612,"Sean and David Goldman International Child Abduction Prevention and Return Act of 2014, delegation of authority"
613,"Spain, Taxation Convention, Spain-U.S"
614,Eritrea
615,Joint Statement
616,"Confederate statues and monuments, status of public display"
617,"Nurses Association, American"
618,"Childhood Cancer Awareness Month, National"
619,"Census Bureau, U.S"
620,Algeria
621,"Gulf Coast Ecosystem Restoration, Task Force on"
622,American Academy of Family Physicians
623,American College of Cardiology
624,American College of Pediatricians
625,American College of Physicians
626,American Medical Association
627,Doctors for America
628,National Medical Association
629,Norway
630,World Organisation for Animal Health
631,"Pearl Harbor attack, 75th anniversary"
632,Economy national
633,Easter Prayer Breakfast
634,Macedonia
635,North Atlantic Council
636,"Fitness, Sports and Nutrition, President's Council on"
637,Global Magnitsky Human Rights Accountability Act
638,"Arts and Humanities, President's Committee on"
639,"Historically Black Colleges and Universities Week, National"
640,Djibouti
641,"Labor-Management Relations Program, Federal"
642,"Defense, department of"
643,"Patent and Trademark Office, U.S"
644,Burundi
645,New Mexico
646,"Crocker, Ryan C"
647,Economy
648,Federal Deposit Insurance Corporation (FDIC)
649,"Geithner, Timothy F"
650,Vermont
651,"Cities, National League of"
652,"Rhode Island, Governor"
653,"Vermont, Governor"
654,"Gridiron Club and Foundation Washington, DC"
655,Greek Independence Day
656,World Trade Week
657,White House Mentorship and Leadership Program
658,"Egypt, U.S. military detachment"
659,United Arab Emirates
660,NAACP
661,Presidential Innovation Fellows Program
662,Chad
663,Trading With the Enemy Act
664,"Cabinet, meetings with President"
665,"Prayer and Remembrance, National Days of"
666,Patriot Day and National Day of Service and Remembrance
667,"Czech Republic, supplementary Social Security agreement with U.S"
668,Fortune's Most Powerful Women Summit
669,"Brennan, John O"
670,"Tax Code, reform"
671,"Mentoring Month, National"
672,Tukey
673,"Arts and Humanities, Federal Council on"
674,"Communications Commission, Federal"
675,"Postal Service, U.S"
676,YouTube
677,Irish-American Heritage Month
678,Netherlands
679,"Cancer Control Month, National"
680,"Defense, Department of P"
681,"Pascrell, William J., Jr"
682,World Press Freedom Day
683,PBS
684,"Foreign Policy, U.S"
685,Indonesian
686,World Bank
687,Young Southeast Asian Leaders Initiative
688,"Mental Health, National Conference on"
689,Protect and Preserve International Cultural Property Act
690,"Guinea, women, status"
691,Sweden
692,"South by South Lawn Festival, White House"
693,Human Rights Campaign
694,Marriage
695,"Cybersecurity Awareness Month, National"
696,"Space Station, International"
697,"Credit Union Administration, National"
698,"Florida, President's visits"
699,Ireland
700,El Salvador
701,Surface Transportation Board
702,"Trade Commission, Federal"
703,"State, Department"
704,"Gasoline, oil, and natural gas costs"
705,"Literacy, National Institute for"
706,"Korea, South"
707,"Urban League, National"
708,Young Southeast Asian Leaders Initiative (YSEALI)
709,Serbia
710,"Cesar E. Chavez National Monument, establishment"
711,"Budget, national"
712,German-American Day
713,"Red Cross, American"
714,Trade Facilitation and Trade Enforcement Act of 2015
715,"Switzerland, social security agreement with U.S"
716,"Labor-Management Relations, National Council on Federal"
717,"Economic Recovery Advisory Board, President’s"
718,Brunei
719,"Women's Day, International"
720,-
721,U
722,.
723,","
724,"New Jersey Transit Rail, emergency board to investigate labor disputes"
725,Holiday and special observances
726,Holidays and special occasions
727,Pan American Health Organization
728,Asian
729,"Central African Republic, U.S. military detachment"
730,"Grandparents Day, National"
731,White House Summit on Worker Voice
732,"Physician Assistants Week, National"
733,"Martin Luther King, Jr., Federal Holiday"
734,"Kristallnacht, 75th anniversary"
735,"West Virginia, Governor"
736,"Toys for Tots Program, U.S. Marine Corps Reserve"
737,Human Rights Day and Human Rights Week
738,"Human Rights Day, Bill of Rights Day, and Human Rights Week"
739,"Hispanic Chamber of Commerce, U.S"
740,"Workforce Investment Act of 1998, reauthorization"
741,Military Spouse Appreciation Day
742,Tumblr
743,"Personnel Management, Office of"
744,Peace Corps
745,Special Olympics
746,United We Serve initiative
747,"Labor Relations Board, National"
748,"Academy of Sciences, National"
749,"Aeronautics and Space Administration, National"
750,Religious Freedom Day 
751,World Freedom Day
752,Dodd-Frank Wall Street Reform and Consumer Protection Act
753,"Dominican Republic, extradition treaty with U.S"
754,"Standards and Technology, National Institute of"
755,"Fiscal Responsibility and Reform, National Commission on"
756,Los Angeles
757,"D.A.R.E. Day, National"
758,"Hernandez, Jose"
759,"California, President's visits"
760,"Governors Association, National"
761,Washington
762,"Bahamas, El Faro cargo ship, sinking off coast"
763,Leif Erikson Day
764,"Corker, Robert P., Jr"
765,"Arctic, conservation efforts"
766,Arctic
767,z
768,Mine Improvement and New Emergency Response (MINER) Act of 2006
769,Supreme Court
770,"Women's Health Week, National"
771,White House
772,"Government departments and agencies, accountability and transparency"
773,Dominican Republic
774,"""Africa"
775,"Women and Girls, White House Council on"
776,"Armed Forces, U.S,"
777,"Environmental Quality, Council on"
778,"Northern Mariana Islands Commonwealth, reservation of submerged lands"
779,"Deposit Insurance Corporation, Federal"
780,"Space Council, National"
781,"Executive Orders 11030, 13653, and 13673, amendments"
782,"Arab States, League of"
783,Geneva Conventions
784,"Red Cross, International"
785,"Montenegro, North Atlantic Treaty Organization, accession bid"
786,Jamaica
787,"Somalia, U.S. national emergency, continuation"
788,"PBS, ""In Performance at the White House"
789,"Former Prisoner of War Recognition Day, National"
790,"Election Integrity, Presidential Advisory Commission on"
791,Democratic party events
792,"Gasoline, oils, and natural gas costs"
793,"Wall, Diane"
794,Peace Officers Memorial Day and Police Week
795,Fox News
796,Twitter
797,"Safe, Accountable, Flexible, Efficient Transportation Equity Act"
798,White House Frontiers Conference
799,White House Science Fair
800,Congressional Hispanic Caucus Institute
801,"Intelligence Authorization Act for Fiscal Year 2010, signing of"
802,Kazakhstan
803,Natural disaster
804,Paralyzed Veterans of America
805,"Chad, U.S. military detachment"
806,Election
807,South by Southwest Interactive Festival
808,High school dropout rate
809,Lilly Ledbetter Fair Pay Act of 2009
810,Bahamas
811,"Budget, Federal Entitlement spending, reform"
812,"Tobacco products, taxation"
813,Finland
814,Iceland
815,"Asian Americans and Pacific Islanders, efforts to increase participation in Federal programs"
816,"Asian Americans and Pacific Islanders, President's Advisory Commission on"
817,Asian Pacific American Institute for Congressional Studies
818,Mother's Day
819,Military Spouse Day
820,"Puerto Rico, public debt, restructuring assistance"
821,Career training and continuing education
822,Housing market
823,Teachers
824,"Summer Learning Day, National"
825,Global competitiveness
826,Payroll tax cut
827,Group of Twenty (G-20) nations
828,ducation
829,"Mayors, U.S. Conference of"
830,Trans-Pacific Partnership
831,Millennium Challenge Accounts
832,Christmas and winter holidays
833,Hanukkah
834,"Obama, Michelle"
835,"Young Leaders of the Americas Initiative, President's"
836,"Nordic States, leaders"
837,"Hispanic Prayer Breakfast, National"
838,"Djibouti, U.S. military detachment"
839,"Uganda, U.S. military detachment"
840,Homeland Security
841,Iran Threat Reduction and Syria Human Rights Act of 2012
842,Clean Diamond Trade Act
843,"Kenya, U.S. military detachment"
844,"Nigeria, U.S. military detachment"
845,"Somalia, U.S. military detachment"
846,Prime Minister
847,Abraham Lincoln Association
848,"Illinois, Governor"
849,Arctic Council
850,"Arctic region, conservation efforts"
851,"Nordic Leaders Summit, U.S.-"
852,Peru
853,Bipartisan Congressional Trade Priorities and Accountability Act of 2015
854,"Communication Commission, Federal"
855,Ike Skelton National Defense Authorization Act for Fiscal Year 2011
856,"HIV Interagency Working Group, Federal"
857,"HIV/AIDS, Presidential Advisory Council on"
858,"Vermont, former U.S. Senator, death"
859,"Illinois, Democratic Party events"
860,"Illinois, President's visit"
861,Nobel Peace Prize
862,"Intelligence and Communications, Review Group on"
863,Privacy and Civil Liberties Oversight Board
864,Overseas Private Investment Corporation
865,Northern Bering Sea
866,"Mayors, newly elected, meeting with President"
867,"Democracy, National Endowment for"
868,"Women entrepreneurs, meeting with President"
869,Battery technology for hybrid automobiles
870,Lithuania
871,"Executive Order 12777, amendments"
872,Cote d’Ivoire
873,"Infrastructure, Presidential Advisory Council on"
874,African Union
875,"Prohibition of Chemical Weapons, Organisation for the"
876,"Social Security Act, 75th anniversary"
877,"State, Department of the"
878,"Slavery and Human Trafficking Prevention Month, National"
879,"Israel, Steven J"
880,Religious leaders
881,Bulgaria
882,"Impaired Driving Prevention Month, National"
883,Delaware
884,Interview With the News Media
885,"Heart Month, American"
886,"Alabama, Governor"
887,Read Across America Day
888,"Highway system, modernization efforts"
889,Recovery Accountability and Transparency Board
890,"Child Abuse Prevention Month, National"
891,House of Representatives
892,Centers for Disease Control
893,immigration and naturalization
894,"Marine Corps, U.S"
895,African Growth and Opportunity Act of 2000
896,Malawi
897,Latvia
898,"Childhood Obesity Awareness Month, National"
899,"Intelligence Advisory Board, President's"
900,"Fuel efficiency standards, strengthening efforts"
901,Keystone XL Pipeline
902,"Armed Forces, U. S"
903,"Armed forces, U.S"
904,Nuclear Weapons Council
905,"Special Counsel, Office of"
906,White House Communications Agency
907,Minnesota World's Fair 2023
908,Timor-Leste
909,"Intelligence, Office of the Director of National, Director of National Intelligence"
910,American Recovery and Reinvestment Act Implementation Conference
911,"Army, Department of"
912,Holocaust Remembrance Day
913,Azerbaijan
914,"David, Eunice"
915,Gabon
916,"Violence Against Women Act, 15th anniversary"
917,"Emergency Board No. 243, Presidential"
918,North American Aerospace Defense Command
919,European Union
920,"Trade Representative, U.S"
921,Army Ranger Lead the Way Fund
922,Jared Allen's Homes for Wounded Warriors
923,Snap-on Inc
924,Statements by the PresidentContiuned
925,Pan American Day and Pan American Week
926,Uruguay
927,Iran Nuclear Agreement Review Act of 2015
928,"Ohio "" Democratic Party events"
929,Montana
930,"Guard and Reserve Week, National Employer Support of the"
931,"American with Disabilities Act, anniversary"
932,General Pulaski Memorial Day
933,"Oklahoma, U.S. Senator, retirement"
934,"Travel and Competitiveness, Task Force on"
935,Kiribati
936,Micronesia
937,"Homeland Security, Department"
938,Bahrain
939,United State of Women Summit
940,White House Council on Women and Girls
941,"South Sudan, U.S. military detachment"
942,"Biden, Jill"
943,"Consumer Financial Protection Bureau, Director"
944,"Lattice Semiconductor Corp., proposed acquisition by China Venture Capital Fund Corp. Ltd"
945,"Southeastern Pennsylvania Transportation Authority labor dispute, emergency board to investigate"
946,Al Qaida terrorist group
947,"School Lunch Week, National"
948,"Cancer Moonshot Task Force, White House"
949,Afghanistan and Pakistan Strategic Partnership Office
950,"Romney, W. Mitt"
951,Portugal
952,Arms Trade Treaty
953,North Atlantic Treaty Organization (NATO)
954,White House Summit on Countering Violent Extremism
955,Business and industry Manufacturing industry
956,Young Leaders of the Americas Initiative
957,Foreign policy U.S
958,New Zealand
959,"Ellow, Matthew"
960,NCAA championship teams
961,"Whaling Commission, International"
962,Columbus Day
963,Congressional Budget Office
964,National Women's Law Center annual award dinner
965,Union for Reform Judaism
966,Laborers' International Union of North America
967,Interviews With the Media
968,"Markey, Edward J"
969,Health and medical  care
970,"Ohio, Governor"
971,"Health and Human services, Department of"
972,Earth Day
973,ESPN2
974,Health and Medical care
975,Veterans of Foreign Wars
976,"""Innocence of Muslims"" film, protests"
977,AFL-CIO
978,Automobile industry
979,"Nuclear Security Summit, 2010"
980,Retail Industry Leaders Association
981,"Islamic Cooperation, Organisation of"
982,Mongolia
983,"Equal Pay Enforcement Task Force, National"
984,"Americans with Disabilities Act, 25th anniversary"
985,"Buffett, Warren E"
986,Federal
987,Health ad medical care
988,Health and medial care
989,"Personnel Management, U.S. Office of"
990,Samoa
991,Idaho
992,"Accountability Office, Government"
993,"Brown, Sherrod C"
994,Economy. national
995,New York City
996,Gap Inc. decision to increase employee wages
997,Ash Wednesday
998,Hungry
999,"Ecuador, President"
1000,Developing Countries
1001,Nicaragua
1002,Oil and gas industry
1003,D
1004,African Growth and Opportunity Act
1005,White House Summit on Global Development
1006,Captive Nations Week
1007,Statements by the The President
1008,March for Life
1009,"North Korea, role in six-party talks"
1010,Tibet
1011,"Mentoring Council, Federal"
1012,White House Mentorship Program
1013,"Laos, President"
1014,"Space, Station, International "
1015,"Poison Prevention Week, National"
1016,"Sexual Assault Awareness Month, National"
1017,"Gulf of Mexico, Deepwater Horizon oil spill"
1018,White House Summit on Working Families
1019,King Kamehameha Day
1020,"Chile, extradition treaty with U.S"
1021,"Hispanic Heritage Month, National"
1022,Countering America's Adversaries Through Sanctions Act of 2017
1023,Commodity Credit Corporation
1024,"Angel Island Day, National"
1025,America Recycles Day
1026,Food and Drug Administration
1027,Mental Health and Substance Use Disorder Parity Task Force
1028,"Russia, President"
1029,"Venezuela, political unrest and violence"
1030,"Heath and Human Services, Department of"
1031,White House Conference on Bullying Prevention
1032,"Letters, Messages, Telegrams"
1033,"Technology Council, American"
1034,Flag Day and National Flag Week
1035,TX
1036,Nelson Mandela International Day
1037,Postsecondary education
1038,White House Historical Association
1039,Slovakia
1040,Hispanic Heritage Month
1041,"National Football League, national anthem controversy"
1042,World Customs Organization
1043,Moldova
1044,"Southeast Pennsylvania Transportation Authority, emergency board to investigate labor disputes"
1045,"Michael Smerconish Morning Show, The"
1046,"Family Research Council, Values Voter Summit"
1047,"LaHood, Raymond H"
1048,Asia-Pacific
1049,"American Antiquities Act of 1906, prior designations, revisions"
1050,Charter schools
1051,Critical Infrastructure Protection Month
1052,Women's History Month
1053,"Donate Life Month, National"
1054,"Lockett, Clayton D"
1055,Health and medical
1056,"Morris, Taylor"
1057,BlogHer
1058,"Latvia, President"
1059,"Lithuania, President"
1060,"Wilderness Month, National"
1061,U.S. Virgin Islands
1062,Presidency U.S
1063,Iraq Reconciliation efforts
1064,Wright Brothers Day
1065,"Ukraine Freedom Support Act of 2014, delegation of authority"
1066,"Governors Association, Democratic"
1067,"New Hampshire, Governor"
1068,TransCanada
1069,Sunshine Week
1070,"La Raza, National Council of"
1071,VICE News
1072,Message
1073,Japanese American Veterans Association
1074,"Sexual Assault, White House Task Force To Protect Students From"
1075,Saint Kitts and Nevis
1076,"Calderon Hinojosa, Felipe de Jesus"
1077,"Ng, Konrad"
1078,"Charter Communications, Inc"
1079,President's visit
1080,Minority Enterprise Development Week
1081,"Jewish leaders, teleconference with President"
1082,"Olympic Committee, International"
1083,Pathways in Technology Early College High School in New York City
1084,"Asian Americans and Pacific Islanders, President’s Advisory Commission on"
1085,"Sustainable Communities, Partnership for"
1086,United Farm Workers
1087,Saint Patrick's Day
1088,Financial Stability Oversight Council
1089,"Mine Safety and Health Review Commission, Federal"
1090,"Executive Order 13597, amendment"
1091,Cambodia
1092,"African Growth and Opportunity Act, reauthorization"
1093,"Djibouti, U.S. Ambassador"
1094,Countries
1095,Court Services and Offender Supervision Agency for the District of Columbia
1096,Organization of the Islamic Conference
1097,"Constitution Day and Citizenship Day, Constitution Week"
1098,Edward M. Kennedy Institute for the United States Senate
1099,Adoption
1100,Asian-Pacific Economic Cooperation (APEC)
1101,"Nepal, trade with U.S"
1102,Conservative Political Action Conference
1103,"LaHood, Ray"
1104,Holiday's and special observances
1105,Saint Patrick’s Day
1106,"Macedonia, political unrest and violence"
1107,"Security Council, National"
1108,"Science and Technology, President's Council of Advisers on"
1109,"Cabañas, José Ramón"
1110,"Mediation and Conciliation Service, Federal"
1111,"ATT&amp;T, proposed merger with Time Warner, Inc"
1112,German
1113,Hmong New Year
1114,"Colorado, Governor"
1115,"Connecticut, Governor"
1116,"Minnesota, Governor"
1117,"Oregon, Governor"
1118,White House Student Film Festival
1119,Civil Rights
1120,"Trade Commission, U.S. International"
1121,Russia Day
1122,White Cane Safety Day
1123,International Labour Organization (ILO)
1124,Wall Street Journal CEO Council
1125,Tanzania and Zanzibar
1126,Communications to Federal AgenciesContiuned
1127,"Child Labor, World Day Against"
1128,United Farm Workers of America
1129,Kids' state dinner
1130,Employments and unemployment
1131,Côte d'Ivoire
1132,Women's Leadership Forum
1133,"POW/MIA Recognition Day, National"
1134,European  Union
1135,Community Solutions Council
1136,Citations
1137,"Hispanic Americans, White House Initiative on Educational Excellence for"
1138,"Arkansas, Governor"
1139,"Delaware, Governor"
1140,"New Mexico, Governor"
1141,Demark
1142,International Security Assistance Force
1143,"Red Cross, International Committee of the"
1144,White House Maker Faire
1145,Congressional Black Caucus Foundation
1146,"Constitution Day and Citizenship Day, Constitution Week.\"
1147,"Welfare system, reform efforts"
1148,Alfred E. Smith Memorial Foundation
1149,White House  Office
1150,ESPN
1151,"Alaska, Governor"
1152,"Kentucky, Governor"
1153,"Massachusetts, Governor"
1154,"Trans-Pacific Partnership (TPP)"""
1155,"Utah, Governor"
1156,"Wyoming, Governor"
1157,"PBS, ""The Motown Sound"
1158,"Science and Technology Foundation, National Medals of"
1159,health and medical care
1160,World Day Against Child Labor
1161,"Conservation of Nature, International Union for the, World Conservation Congress"
1162,Northeast Canyons and Seamounts Marine National Monument
1163,Papahnaumokukea Marine National Monument
1164,Labor Issues
1165,White House Forum on American Latino Heritage
1166,Family Smoking Prevention and Tobacco Control Act
1167,"U.S. flag, full-staff return"
1168,"Intelligence Reform and Terrorism Prevention Act of 2004, National"
1169,Nuclear weapons development
1170,National Security Council
1171,Marshall Islands
1172,Tonga
1173,President's visits
1174,Yom Kippur
1175,Federal Mediation and Conciliation Service
1176,Points of Light Institute
1177,Senior Corps
1178,Retirement
1179,"University of Queensland in Brisbane, Australia"
1180,Department of Defense
1181,Standards and school accountability
1182,"Long Island Rail Road Company, emergency board to investigate labor disputes"
1183,"Financial regulations, modernization efforts"
1184,Omnibus Public Land Management Act of 2009
1185,Gulf Cooperation Council
1186,Armed Forces Day
1187,"Retired Persons, American Association of (AARP)"
1188,Foxconn Technology Group
1189,Fraud Enforcement and Recovery Act of 2009
1190,Vox
1191,"ESPN, ""SportsCenter"" program"
1192,Elections 2016 Presidential and congressional elections
1193,"Harley-Davidson, Inc"
1194,"Deaths, Kaczynska, Maria, First Lady of Poland"
1195,Polish Constitution Day
1196,"Child Soldiers Prevention Act of 2008, delegation of authority"
1197,"Care, Commission on"
1198,"Iceland, trade with U.S"
1199,"Nordic Security Dialogue, U.S.-"
1200,"Norway, trade with U.S"
1201,Natural Disasters
1202,"Samoa, American"
1203,"Mayors, working session at White House"
1204,Switzerland
1205,"Entrepreneurship Week, National"
1206,"Joint Commission on Commerce and Trade, U.S.-China"
1207,Law
1208,Wyoming
1209,"Mitchell, George J"
1210,Health and medical are
1211,Emergency Medical Services Week
1212,Congressional Picnic
1213,"Marriage Act, Defense of"
1214,"Burundi, political unrest and violence"
1215,Women's Equality Day
1216,Salem Radio Network
1217,"North Africa, democracy efforts"
1218,"U.S. Outer Continental Shelf, Arctic and Atlantic Oceans, withdrawal from mineral leasing"
1219,"Sports, Fitness, and Nutrition, President's Council on"
1220,"Agriculture and Rural Prosperity, Interagency Task Force on"
1221,Health and Human Services
1222,"Marriage, Defense of Marriage Act"
1223,World Humanitarian Day
1224,"Berra, Lawrence P. ""Yogi"""
1225,"Farm Safety and Health Week, National"
1226,Fox News Radio
1227,"Serbia, extradition treaty with U.S"
1228,Energy efficiency and weatherization
1229,Nuclear Regulatory Commission
1230,Nowruz
1231,Western Balkans
1232,Benin
1233,America's Promise Alliance
1234,Univision
1235,Sirius XM Patriot Radio
1236,Syrian
1237,Business Roundtable
1238,World Economic Forum
1239,"Kosovo, extradition treaty with U.S"
1240,International Monetary Fund (IMF)
1241,Luxembourg
1242,ç
1243,MSNBC
1244,Telemundo
1245,Californa
1246,"Guam, Governor"
1247,"Northern Mariana Islands, Governor"
1248,"Park Week, National"
1249,"Hispanic-Serving Institutions Week, National"
1250,Senate
1251,Armed Forces
1252,Families USA
1253,Transatlantic Trade and Investment Partnership
1254,Morocco
1255,Navy. Department of the
1256,"Governors’ Association, National"
1257,"China "" South China Sea, maritime disputes"
1258,"Interior, Department of the Antiquities Act designations, review"
1259,Holidays and
1260,SheKnows Media/BlogHer
1261,"Wounded Warrior Project Soldier Ride, opening ceremony"
1262,"Crime Victims' Rights Week, National"
1263,"Trade Representative, Office of the"
1264,Italian American Heritage and Culture Month
1265,"Disaster Relief Appropriations Act, 2013"
1266,Arab League
1267,"Libya,"
1268,Middle east
1269,"Science and Technology Policy, Office of"
1270,"Volunteer Week, National"
1271,Cable News Network (CNN) En Espanol
1272,Cooperation Council
1273,"Safe Boating Week, National"
1274,"Defense Authorization Act for Fiscal Year 2008, National, delegation of certain functions"
1275,White House Legal Aid Interagency Roundtable
1276,"Mongolia, President"
1277,"Congressional Black Caucus Foundation, Inc"
1278,Washington Post
1279,American Education Week
1280,Broadcasting Board of Governors
1281,"Red Cross Month, American"
1282,"Terrorism, National Day of Service and Remembrance for Victims and Survivors of"
1283,Small Business Week
1284,"Boundary and Water Commission, International (U.S. and Mexico)"
1285,"Latin American leaders, working dinner with President Trump"
1286,Clinton Global Initiative
1287,Armenian National Day
1288,"Auschwitz-Birkenau, 70th anniversary of liberation"
1289,Harriet Tubman National Monument
1290,"Toxic Substances and Worker Health, Advisory Board on"
1291,"Mayors, U.S. Conference"
1292,North American  Treaty Organization (NATO)
1293,United Nat6ions
1294,"""Celebrate Freedom"" rally"
1295,Improper Payments Elimination and Recovery Act of 2010
1296,"Preparedness Month, National"
1297,"Character Counts Week, National"
1298,White House ConnectED to the Future Conference
1299,"Farm-City Week, National"
1300,Central African Command
1301,Natural disasters Hurricane Sandy
1302,"Interagency Trade Enforcement Center, establishment"
1303,First State National Monument
1304,"State Legislatures, National Conference of"
1305,"Defense Transportation Day, National, and National Transportation Week"
1306,"Alcohol and Drug Addiction Recovery Month, National"
1307,BET
1308,"Health Human Services, Department of"
1309,Democratic Republic of the Congo
1310,United Nations Day
1311,"""Comedians in Cars Getting Coffee"""
1312,"""WTF With Marc Maron"" podcast"
1313,4-H
1314,"Administrative Conference of the U.S., Council of"
1315,"Administrative Conference of the U.S., Council of the"
1316,"African American and civil rights leaders, meeting with President"
1317,African Development Foundation
1318,Afrisol Energy Ltd
1319,Al-Arabiya News Channel
1320,Alfalfa Club
1321,"America's Heritage Abroad, Commission for the Preservation of"
1322,"American Indian and Alaska Native Culture and Arts Development, Institute of"
1323,American Indian and Alaska Natives
1324,"Antigua and Barbuda, U.S. Ambassador"
1325,Architectural and Transportation Barriers Compliance Access Board
1326,Arctic Research Commission
1327,Arkansas-Oklahoma Arkansas River Compact Commission
1328,"Army, National Commission on the Future of the"
1329,Artic Research Commission
1330,"Arts, National Council on the"
1331,Asia-Pacific Economic Cooperation
1332,"Asian Americans and Pacific Islanders, President's Commission on"
1333,Atlantic magazine
1334,"Atlantic Tunas, International Commission for the Conservation of"
1335,"Barbados, Prime Minister"
1336,BBC Television
1337,"Benin, U.S. Ambassador"
1338,Border Environment Cooperation Commission
1339,"Bosnia and Herzegovina, Srebrenica genocide, 20th anniversary"
1340,Boys and Girls Clubs of America
1341,"Stalking Awareness Month, National"
1342,Charles Young Buffalo Soldiers National Monument
1343,"Connecticut, Shootings in Newtown"
1344,"U.S.C. title 10, section 491, delegation of reporting functions"
1345,Arctic Research and Policy Act of 1984
1346,"Ovarian Cancer Awareness Month, National"
1347,"Biden, Joseph R., Jr"
1348,"Martin Luther King, Jr., National Memorial"
1349,Better Buildings Initiative
1350,"Disabilities, International Day of Persons with"
1351,Pension Benefit Guaranty Corporation
1352,Oceania
1353,"McClain, Robert, Sr"
1354,Korea Society
1355,"Africa, President's Advisory Council on Doing Business in"
1356,"Regional trade, promotion efforts"
1357,"Bird, Jeremy"
1358,"Mediation Board, National"
1359,Uzbekistan
1360,"World War II, 70th anniversary of conclusion in Pacific"
1361,Labor Day
1362,"Disability Employment Awareness Month, National"
1363,"Information Literacy Awareness Month, National"
1364,Time magazine
1365,Francis
1366,"Family Week, National"
1367,Rio Grande del Norte National Monument
1368,"Prostate Cancer Awareness Month, National"
1369,Orders
1370,William Wilberforce Trafficking Victims Protection Reauthorization Act of 2008
1371,Claims Resolution Act of 2010
1372,"Forest Products Week, National"
1373,East Asia Summit
1374,"Southeast Asian Nations, Association (ASEAN)"
1375,"Child's Day, National"
1376,""" Business and industry"
1377,"Administration, Office of"
1378,"Affairs, Department of"
1379,"Air Force, Department of"
1380,"Alabama, disaster assistance"
1381,"Andorra, U.S. Ambassador"
1382,"Angola, U.S. Ambassador"
1383,"Anthem, Inc"
1384,Arab Islamic American Summit
1385,Asia Pacific Economic Cooperation (APEC)
1386,Associated Press
1387,"Attorneys General, National Association of"
1388,Counterterrorism efforts
1389,Recovery and Reinvestment Act of 2009
1390,San Juan Islands National Monument
1391,Father's Day
1392,"Idaho, Governor"
1393,Intelligence Authorization Act for Fiscal Year 2012
1394,Trade Preferences Extension Act of 2015
1395,"Ortiz, David A. ""Big Papi"""
1396,"Cyprus, Ambassador to U.S"
1397,"Georgia, Ambassador to U.S"
1398,"Hungary, Ambassador to U.S"
1399,"Sweden, Ambassador to U.S"
1400,"Executive Order 13639, amendment"
1401,Tom Lantos Block Burmese Junta's Anti-Democratic Efforts Act of 2008
1402,"Executive Order 13223, amendment"
1403,Thanksgiving Day
1404,"Administrative Conference of the United States, Council of the"
1405,"Air Force, National Commission on the Structure of the"
1406,"Albania, U.S. Ambassador"
1407,American Taxpayer Relief Act of 2012
1408,"Arab-Israeli conflict, peace process"
1409,"Austria, U.S. Ambassador"
1410,Belize
1411,"Bosnia and Herzegovina, U.S. Ambassador"
1412,Burkina Faso
1413,Camaroon
1414,"Cancer Panel, President's"
1415,"Cape Verde, Prime Minister"
1416,Central American Integration System (SICA)
1417,"Civil Aviation Organization, Council of the International"
1418,"Civil Rights, U.S. Commission on"
1419,CNN
1420,"Colombia, U.S. Ambassador"
1421,Community Development
1422,"Nuclear Regulatory Commission, U.S"
1423,Trinidad and Tobago
1424,"North Africa, political unrest and violence"
1425,"Library of Congress, Gershwin Prize for Popular Song"
1426,"Public Broadcasting, Corporation for"
1427,Bangladesh
1428,Haitian Flag Day
1429,Government
1430,"Energy, alternative and renewable sources and technologies"
1431,continuation of national emergency
1432,"Steelworkers of America, United"
1433,"Americans With Disabilities Act, anniversary"
1434,"Hunting and Fishing Day, National"
1435,ABC News
1436,"ABC, ""Good Morning America"""
1437,"ABC, ""Nightline"""
1438,Abu Dhabi
1439,"Accountability and Transparency Board, Government"
1440,"Administrative Conference of the U.S., Advisory Council of the"
1441,Afghan military and security forces
1442,"Agricultural Mortgage Corporation, Federal"
1443,Antigua and Barbuda
1444,Architectural and Transportation Barriers Compliance Board
1445,Barbados
1446,Barry Goldwater Scholarship and Excellence in Education Foundation
1447,"Battle Monuments Commission, American"
1448,BBC
1449,"Black, Charles"
1450,"Blind or Severely Disabled, Committee for Purchase From People Who Are"
1451,Boys &amp; Girls Clubs of America
1452,"Building Sciences, National Institute of"
1453,"Canada Permanent Joint Board on Defense, U.S. and"
1454,Canadian River Commission
1455,Cape Verde
1456,"Capital Planning Commission, National"
1457,"CBS, ""Sunday Morning"" program"
1458,"China, Congressional-Executive Commission on"
1459,Christopher Columbus Fellowship Foundation
1460,"CNN, ""The Situation Room with Wolf Blitzer"""
1461,Commonwealth of Dominica
1462,"Consumer Cooperative Bank, National"
1463,"Credit Union Administration Board, National"
1464,"Daley, William M"
1465,"Democratic Governors, meeting with President"
1466,"Drug Control Policy, Office of National"
1467,"Educational Excellence for Hispanics, President's Advisory Commission"
1468,"Educational Excellence for Hispanics, President's Advisory Commission on"
1469,"Election Assistance Commission, U.S"
1470,"Energy, Department of the"
1471,"Eubank, Richard L"
1472,"Evangelicals, National Association of"
1473,Export-Import Bank of the United States
1474,"Farm Broadcasting, National Association of"
1475,Fiji Islands
1476,"Fine Arts, Commission of"
1477,"Fine Arts, U.S. Commission of"
1478,"Fish Stocks in the Western and Central Pacific Ocean, Commission for the Conservation and Management of Highly Migratory"
1479,FOX News
1480,"Gates, Robert M"
1481,Grenada
1482,Gridiron Club
1483,Guinea-Bissau
1484,Gulf Coast Ecosystem Restoration Task Force
1485,Guyana
1486,Harry S. Truman Scholarship Foundation
1487,"Highly Migratory Fish Stocks in the Western and Central Pacific Ocean, Commission for the Conservation and Management of"
1488,Hispanic Policy Conference
1489,"Historic Preservation, Advisory Council on"
1490,"Humanities, National Council on the"
1491,Indian Law and Order Commission
1492,"Infrastructure Advisory Commission, National"
1493,"Institute of Building Sciences, National"
1494,Intel Science Talent Search
1495,"Intellectual Disabilities, President's Committee for People with"
1496,Inter-American Foundation
1497,James Madison Memorial Fellowship Foundation
1498,"Jobs and Competitiveness, President's Council on"
1499,"Juvenile Justice and Delinquency Prevention, Coordinating Council on"
1500,"Kuntz, William F., II"
1501,"Library of Congress, American Folklife Center"
1502,"Lundquist, Sara"
1503,Malawai
1504,Malta
1505,"Maritime Commission, Federal"
1506,"Marshal Service, U.S"
1507,"Marshals Service, U.S"
1508,Mauritius
1509,"Mayors, United States Conference of"
1510,"Medal of Science, President's Committee on the National"
1511,Medal of Valor Review Board
1512,Merit Systems Protection Board
1513,Mickey Leland National Urban Air Toxics Research Committee
1514,Mississippi River Commission
1515,"Montana, disaster assistance"
1516,"National Medal of Science, President's Commission on the"
1517,"National Medal of Science, President's Committee on the"
1518,National Policy Alliance
1519,Nauru
1520,"NBC, ""The Tonight Show"""
1521,"NBC, ""Today"" show"
1522,"Oliver Wendell Holmes Devise, Permanent Committee for the"
1523,Oman
1524,Palestinian Authority
1525,Paraguay
1526,"Peace, U.S. Institute of"
1527,Philadelphia
1528,Postal Regulatory Commission
1529,"Preservation of America's Heritage Abroad, U.S. Commission for"
1530,"Preservation of America’s Heritage Abroad, Commission for the"
1531,"Presidential Scholars, Commission on"
1532,"Public Diplomacy, U.S. Advisory Commission on"
1533,"Railroad Passenger Corporation, National (Amtrak)"
1534,Railroad Retirement Board
1535,"Religious Freedom, U.S. Commission on International"
1536,"Retirement Thrift Investment Board, Federal"
1537,Rio Grande Compact Commission
1538,Saint Lawrence Seaway Development Corporation
1539,"Science Board, National"
1540,Securities and Exchange Commission
1541,Securities Industry Investor Corporation
1542,Securities Investor Protection Corporation
1543,"Security and Cooperation in Europe, Commission on"
1544,"Security Education Board, National"
1545,"Selective Service Appeal Board, National"
1546,Seychelles
1547,Slovenia
1548,"Smithsonian Institution, John F. Kennedy Center for the Performing Arts"
1549,Social Security Advisory Board
1550,St. Kitts and Nevis
1551,St. Lucia
1552,St. Vincent and the Grenadines
1553,Standard &amp; Poor
1554,State
1555,State Justice Institute
1556,"State Legislators, National Conference of"
1557,Summit of the Americas
1558,Technology CEO Council
1559,Tennessee Valley Authority
1560,Togo
1561,"Trade Policy and Negotiations, Advisory Committee on"
1562,"Trade Policy Negotiations, Advisory Committee for"
1563,"Transportation Safety Board, National"
1564,Turkmenistan
1565,Tuvalu
1566,"United Service Organizations, Inc"
1567,Utah Reclamation Mitigation and Conservation Commission
1568,Valles Caldera Trust
1569,Vietnam Education Foundation
1570,Westwood One Sports
1571,White House American Latino Heritage Forum
1572,Women's Online Summit
1573,Young Elected Officials Network
1574,YouTube.com
1575,"Côte d'Ivoire, President"
1576,"Ethiopia, Prime Minister"
1577,"Ghana, President"
1578,"Guinea, President"
1579,"Namibia, President"
1580,"Nigeria, President"
1581,"Senegal, President"
1582,"South Africa, President"
1583,"AT&amp;T, proposed merger with Time Warner Inc"
1584,Boeing Company
1585,"College reporters, White House visit"
1586,"Equal Pay Day, National"
1587,Young Southeast Asian Leaders Initiative (YSEAKI)
1588,Statements by President
1589,Human Trafficking
1590,"""Entertainment Tonight"" program"
1591,"African Americans, President's Advisory Commission on Educational Excellence for"
1592,"American Urban Radio Networks, ""The White House Report"""
1593,Amtrak
1594,Amtrak (National Railroad Passenger Corporation)
1595,Arc organization
1596,"Armed Forces,"
1597,National Archives and Records Administration
1598,"Department of State Authorities Act, Fiscal Year 2017"
1599,Juneteenth
1600,"Korean War Veterans Armistice Day, National"
1601,"Health Insurance Exchange, proposed"
1602,"Algeria, French citizen killed in Kabylia"
1603,Organizing for America
1604,"Flood Risk Management Standard, Federal, establishment"
1605,Dominical Republic
1606,"Qadhafi, Muammar Abu Minyar al-"
1607,"Indonesia, President"
1608,"Sikhism, anniversary of founder's birth"
1609,"Zimbabwe, U.S. national emergency, continuation"
1610,"Commerce, Department of, Secretary"
1611,"Legal Services Corporation, 35th anniversary"
1612,"Fourth World Conference on Women, 20th anniversary"
1613,"""Hoops for Troops"" initiative"
1614,"""Legislation, enacted"
1615,"/""Weather From the White House/"" program"
1616,"Alaska, disaster assistance"
1617,"Alaska, President's visit"
1618,"Algeria, U.S. Ambassador"
1619,"America's Heritage Abroad, U.S. Commission for the Preservation of"
1620,American Indians and Native Alaskans
1621,American Legion Boys and Girls State
1622,"American Public Media, ""Marketplace Morning Report"" program"
1623,"American States, Organization of"
1624,Arkansas River Compact Administration
1625,"Armenia, Ambassador to U.S"
1626,"Armenia, U.S. Ambassador"
1627,"Arts, Commission of Fine"
1628,"Asian Americans and Pacific Islanders, business and faith leaders, meeting with President"
1629,"Azerbaijan, U.S. Ambassador"
1630,"Bahamas, U.S. Ambassador"
1631,"Bahrain, U.S. Ambassador"
1632,"Bangladesh, Ambassador to U.S"
1633,"Bangladesh, U.S. Ambassador"
1634,Bear River Commission
1635,Belgium Flanders Field American Cemetery and Memorial in Waregem
1636,"Belgium, Ambassador to U.S"
1637,BET News
1638,"Border Health Commission, U.S.-Mexico"
1639,"Botswana, U.S. Ambassador"
1640,"Boundary Commission, U.S. and Canada, International"
1641,"Broadcom Math, Applied Science, Technology and Engineering Rising Stars (MASTERS) competition"
1642,"Brunei, U.S. Ambassador"
1643,"Congo, Democratic Republic of the, U.S. military detachment"
1644,"Defense Authorization Act for Fiscal Year 2010, National, delegation of certain functions"
1645,El Savador
1646,National Association of Latino Elected and Appointed Officials
1647,Zambia
1648,"North Carolina, Governor"
1649,"Cabinet Members, meetings with President"
1650,"American Progress, Center for"
1651,Pennsylvania State University in University Park
1652,Small business
1653,Mexico Economic growth and development
1654,"Physical Fitness and Sports Month, National"
1655,Tax Taxation
1656,Kwanzaa
1657,Toner Prize for Excellence in Political Reporting
1658,"Japan, Prime Minister"
1659,"Medal of Honor Day, National"
1660,Climate change
1661,"Maritime Day, National"
1662,North American Aerospace Defense Command (NORAD)
1663,Small businesses
1664,"Public Lands Day, National"
1665,"Conservation Voters, League of"
1666,Statements by The President
1667,Foreign Assistance Act of 1961
1668,"Public Lands Management Recognition Day, National"
1669,Operation Free energy awareness program
1670,National energy policy
1671,Military Orders
1672,"African Development Foundation, U.S"
1673,Al Arabiya Television
1674,Alaska Natural Gas Transportation Projects
1675,Andorra
1676,"Aviation Administration, Federal"
1677,"Bahamas, The"
1678,Bloomberg News
1679,Cable News Network
1680,Cable News Network (CNN)
1681,CBS News
1682,"CBS, ""60 Minutes"" program"
1683,Children's Miracle Network
1684,"Commerce, Department of the"
1685,"Commodity Futures Trading Commission, U.S"
1686,"Consumer Product Safety Commission, U.S"
1687,Defense Nuclear Facilities Safety Board
1688,"Defense, Department of Secretary"
1689,"Economic Co-operation and Development, Organisation for (OECD)"
1690,"Election Commission, Federal"
1691,"Energy Agency, International"
1692,Enivronment
1693,Entertainment and Sports Programming Network (ESPN)
1694,Equatorial Guinea
1695,"Europe, Organization for Security and Co-operation in"
1696,Farm Credit Administration
1697,Federation Internationale de Football Association
1698,FOX News Channel
1699,FOX News television
1700,"General Services Administration, U.S"
1701,"Geological Survey, U.S"
1702,Group of Eight (G-8) nations
1703,Habitat for Humanity International
1704,Halloween
1705,"Health and Human Servces, Department of"
1706,Helen Keller National Center
1707,"Labor Relations Authority, Federal"
1708,Legal Services Corporation
1709,"Legion, American"
1710,Lichtenstein
1711,Make-A-Wish Foundation
1712,"Merit Systems Protection Board, U.S"
1713,Mozambique
1714,NBC News
1715,New Year's holiday
1716,Newsweek magazine
1717,Northern Border Regional Commission
1718,Occupational Safety and Health Review Commission
1719,Papua New Guinea
1720,"PBS, ""PBS NewsHour"" program"
1721,"PBS, ""The NewsHour with Jim Lehrer"" program"
1722,"Potential natural disasters, preparedness efforts"
1723,Roman Catholic Church
1724,San Marino
1725,Selective Service System
1726,"Sentencing Commission, U.S"
1727,Solomon Islands
1728,Southern States Energy Board
1729,"Steve Harvey Morning Show, The"
1730,Suriname
1731,Swaziland
1732,Tajikistan
1733,"Civil Engineers, American Society of"
1734,Consumer Financial Protection Agency
1735,"Academy of Engineering, National"
1736,"Medicine, Institute of"
1737,"Coral Sea, Battle of the, 75th anniversary"
1738,World Refugee Day
1739,"Pacific Remote Islands Marine National Monument, expansion"
1740,Gold Star Mother's and Families' Day
1741,"Economy, national Recession, effects"
1742,"Sessions, Pete"
1743,"Water quality, improvement efforts"
1744,"Renewal and Reconciliation, National Day of"
1745,"Environmental Policy Act, National, 40th anniversary"
1746,"Tennessee, former U.S. Senator, death"
1747,"Association of Chiefs of Police, International"
1748,H
1749,"Financial Capability for Young Americans, President's Advisory Council on"
1750,@
1751,"""Russ Parr Morning Show, The"""
1752,"""Tom Joyner Morning Show, The"""
1753,"""Warren Ballentine Show, The"""
1754,"ABC News, ""World News with Diane Sawyer"""
1755,"African American journalists and bloggers, meeting with President"
1756,Angola
1757,"Appeals, Special Panel on"
1758,Architectural and Transportation Barriers Compliance Board (U.S. Access Board)
1759,"Arctic Research Commission, U.S"
1760,Armed Services YMCA
1761,"Arts and the Humanities, National Foundation on the"
1762,"Bioethical Issues, Presidential Commission for the Study of"
1763,"Boundary and Water Commission (United States and Mexico), International"
1764,"Broadcasting Bureau, International"
1765,"Cable News Network, ""Larry King Live"""
1766,"Cameron, David"
1767,Cameroon
1768,"Capitol, U.S., Architect of the"
1769,Cesar Chavez Day
1770,"Chemical Safety and Hazard Investigation Board, U.S"
1771,"Chemical Weapons, Organisation for the Prohibition of"
1772,Comedy Central
1773,"Community Solutions, White House Council"
1774,"Congo, Republic of the"
1775,Delta Regional Authority
1776,"Economic Report of the President, 2010"
1777,Egpyt
1778,"Environmental Cooperation, Commission for"
1779,"Equal Employment Opportunity Commission, U.S"
1780,"Financial Capability, President's Advisory Council on"
1781,"Fowler, James T"
1782,"Gambia, The"
1783,"Government Accountability Office, U.S"
1784,Government Printing Office
1785,"Indian Education, National Advisory Council on"
1786,"Indian Gaming Commission, National"
1787,"Islamic Conference, Organisation of the"
1788,It Gets Better Project
1789,"Judges Association, Federal"
1790,Krygyzstan
1791,Lesotho
1792,Lunar New Year
1793,March of Dimes
1794,Marine Mammal Commission
1795,Mauritania
1796,Montenegro
1797,"Museum and Library Sciences Board, National"
1798,"Museum and Library Services, Institute of"
1799,Namibia
1800,NBC Nightly News
1801,"Netherlands, The"
1802,Network for Teaching Entrepreneurship
1803,Palau
1804,"Printing Office, U.S. Government"
1805,Privacy and Civil Rights Oversight Board
1806,Recovery Independent Advisory Panel
1807,"Rodriguez, Leon"
1808,"Salary Council, Federal"
1809,"Security Telecommunications Advisory Committee, President's National"
1810,"Tax Court, U.S"
1811,Turner Network Television (TNT)
1812,"White House Fellowships, President's Commission on"
1813,"White House, Committee for the Preservation of the"
1814,"Women's  Business Council, National"
1815,"Basketball Association, National"
1816,"Hurricane Preparedness Week, National"
1817,School improvement and renovation
1818,British Broadcasting Corporation
1819,Family Day
1820,Appointments and Nomminations
1821,Bosnia and Herzegovina National Day
1822,Administrative Orders
1823,"Fatherhood and Mentoring Initiative, President's"
1824,Father’s Day
1825,"Treasury, Secretary of the"
1826,"Countering Violent Extremism, White House Summit on"
1827,"Indonesia, relations with U.S"
1828,"Vietnam, relations with U.S"
1829,Holocaust Days of Remembrance
1830,Same-sex domestic partnerships
1831,Eid al-Adha
1832,Hajj
1833,"Veterans Small Business Development, Interagency Task Force on"
1834,Mail
1835,"Korean War Armistice Day, National, 56"
1836,"Power Africa Working Group, President's"
1837,Defense Department of
1838,"Management and Budget , Office of"
1839,Health Care and Reconciliation Act of 2010
1840,Nuclear Non-Proliferation Treaty Review Conference
1841,"Renewable Energy Agency, International"
1842,World AIDS Day
1843,"""Every Kid in a Park"" initiative, White House"
1844,"""Love and R&amp;B With John Monds"" program"
1845,"""Tom Joyner Morning Show"""
1846,"""Willie Moore Jr. Show"""
1847,"Andorra, Ambassador to U.S"
1848,"Arkansas, disaster assistance"
1849,"Arts, National Council of the"
1850,"Association of Registered Agents and Brokers, National"
1851,BBC News
1852,"Belgium, arrest of Salah Abdeslam in Brussels"
1853,"Benin, President-elect"
1854,Bethune-Cookman University Concert Chorale
1855,Bloomberg Businessweek
1856,"Bulgaria, Ambassador to U.S"
1857,"Burkina Faso, U.S. Ambassador"
1858,"Burundi, U.S. Ambassador"
1859,BuzzFeed
1860,BuzzFeed News
1861,"Cabo Verde, President"
1862,President George W. Bush and President Vladimir V. Putin
1863,"Federal Contracting Opportunities for Small Businesses, Interagency Task Force on"
1864,"Native American Affairs, White House Council on"
1865,"Defense Authorization Act for Fiscal Year 1999, National, delegation of certifications"
1866,Freedom of Information Act
1867,"Alabama, former U.S. Senator, death"
1868,"Census Day, 2010"
1869,Philippinese
1870,"Foster Care Month, National"
1871,World Malaria Day
1872,White House Health Kids &amp; Safe Sports Summit
1873,"Samoa, American, earthquake and tsunami, damage and recovery efforts"
1874,Alternative and renewable sources and technologies
1875,"Engineering, National Academy of"
1876,"Trade Representative, U.S. """
1877,"Samoa, American, disaster assistance"
1878,"Armed Services, U.S"
1879,"PBS, ""Country Music"
1880,Thanksgiving
1881,Volunteerism
1882,"State legislators, meeting with President"
1883,LinkedIn
1884,"AFL-CIO, National Legislative Conference of the Building and Construction Trades Department"
1885,"Individuals with Disabilities Education Act, 35th anniversary"
1886,Holidays and Special Observances
1887,Elections 2010 Congressional elections
1888,"Breast Cancer Awareness Month, National"
1889,"Guantanamo Bay, U.S. Naval Base, closure of detention facilities"
1890,Christmas
1891,"Arab States of the Gulf, Cooperation Council for the (GCC)"
1892,"Defense Authorization Act for Fiscal Year 2010, National"
1893,"Research Council, National"
1894,Minnesota Democratic Party events
1895,Workers Memorial Day
1896,My Brother's Keeper Task Force
1897,"Small Business Association, National"
1898,Health and medical care Medicare and Medicaid
1899,"Defense Authorization Act for Fiscal Year 2008, National, delegation of certain authority"
1900,"Work and Family Month, National"
1901,"CVS Caremark Corp., decision not to sell tobacco products"
1902,"Asian Americans and Pacific Islanders, White House Initiative on"
1903,Asian Americans and Pacific Islanders
1904,White House Task Force on New Americans
1905,Security cooperation with U.S
1906,"Economy , national"
1907,"Jerusalem Embassy Act of 1995, suspension of limitation"
1908,BBC World News
1909,"Sierra Leone, President"
1910,"Young African Leaders Initiative, White House"
1911,"Atrocities Prevention Board, Interagency"
1912,Homeland Security Council
1913,Helsinki Human Rights Day
1914,"Seychelles, Generalized System of Preferences (GSP) program, U.S. termination of designation as beneficiary country"
1915,"Uruguay, Generalized System of Preferences (GSP) program, U.S. termination of designation as beneficiary country"
1916,"Venezuela, Generalized System of Preferences (GSP) program, U.S. termination of designation as beneficiary country"
1917,Gibraltar
1918,Turks and Caicos Islands
1919,Iran Blocking property of certain persons
1920,"Iowa, President's visit"
1921,Jordon
1922,Transatlantic Economic Council (TEC)
1923,""" Homeland Security, Department of"
1924,"Red Cross, American "
1925,"Academic calendar, proposed reforms"
1926,"Geithner, Carole"
1927,Congo
1928,"Letters, Messages"
1929,"""Don't ask, don't tell"" policy, repeal"
1930,Domestic Policy Council
1931,National Voter Registration Month
1932,National Charter Schools Week
1933,"Labor-Management Forums, revocation of Executive Order 13522 creating"
1934,"Farm Bureau Federation, American"
1935,Promise Zones initiative
1936,Trans-Pacific Partnership Agreement
1937,"Girls and Women in Sports Day, National"
1938,"Azerbaijan, nuclear security, strengthening efforts"
1939,"Financial Literacy Month, National"
1940,Government data and public information
1941,"Democracies, Community of, 10th anniversary"
